Pos_1,Pos_2,Pos_3,Pos_4,Pos_5,Pos_6
0,-0,0,0,0,0
0,0,-0,0,0,0
0,-0,-0,0,0,0
0,0,-0,0,0,0
0,0,-0,0,0,0
0,-0,-0,0,0,0
0,0,-0,0,0,0
0,-0,-0,0,0,0
0,-0,-0,0,0,0
0,-0,-0,0,0,0
0,-0,-0.0001,0,0,0
0,-0,-0.0001,0,0.0001,0
0,-0,-0.0001,0,0.0001,0
0,-0,-0.0002,0,0.0001,0
0,-0,-0.0002,0,0.0002,0
0,-0,-0.0003,0,0.0002,0
0,-0,-0.0004,0,0.0003,0
0,-0,-0.0005,0,0.0003,0
0,-0,-0.0007,0,0.0004,0
0,-0,-0.0008,0,0.0005,0
0,-0,-0.001,0,0.0007,0
0,-0,-0.0013,0,0.0008,0
0,-0,-0.0015,0,0.001,0
0,-0,-0.0018,0,0.0011,0
0,-0,-0.0021,0,0.0014,0
0,-0,-0.0025,0,0.0016,0
0,-0,-0.0029,0,0.0019,0
0,-0,-0.0034,0,0.0022,0
0,-0,-0.0039,0,0.0025,0
0,-0,-0.0045,0,0.0029,0
0,-0,-0.0052,0,0.0033,0
0,-0,-0.0059,0,0.0037,0
0,-0,-0.0067,0,0.0042,0
0,-0,-0.0076,0,0.0048,0
0,-0,-0.0085,0,0.0054,0
0,-0,-0.0096,0,0.0061,0
0,-0,-0.0107,0,0.0068,0
0,-0,-0.0119,0,0.0076,0
0,-0,-0.0132,0,0.0084,0
0,-0,-0.0147,0,0.0093,0
0,-0,-0.0162,0,0.0103,0
0,-0,-0.0179,0,0.0113,0
0,-0,-0.0197,0,0.0125,0
0,-0,-0.0216,0,0.0137,0
0,-0,-0.0236,0,0.015,0
0,-0,-0.0258,0,0.0164,0
0,-0,-0.0282,0,0.0179,0
0,-0,-0.0307,0,0.0195,0
0,-0,-0.0334,0,0.0212,0
0,-0,-0.0362,0,0.023,0
0,-0,-0.0392,0,0.0249,0
0,-0,-0.0424,0,0.0269,0
0,-0,-0.0458,0,0.029,0
0,-0,-0.0493,0,0.0313,0
0,-0,-0.0531,0,0.0337,0
0,-0,-0.0571,0,0.0362,0
0,-0,-0.0613,0,0.0389,0
0,-0,-0.0657,0,0.0417,0
0,-0,-0.0704,0,0.0447,0
0,-0,-0.0753,0,0.0478,0
0,-0,-0.0805,0,0.051,0
0,-0,-0.0859,0,0.0545,0
0,-0,-0.0916,0,0.0581,0
0,-0,-0.0975,0,0.0618,0
0,-0,-0.1038,0,0.0658,0
0,-0,-0.1103,0,0.0699,0
0,-0,-0.1171,0,0.0743,0
0,-0,-0.1242,0,0.0788,0
0,-0,-0.1317,0,0.0835,0
0,-0,-0.1395,0,0.0884,0
0,-0,-0.1476,0,0.0936,0
0,-0,-0.156,0,0.099,0
0,-0,-0.1649,0,0.1045,0
0,-0,-0.174,0,0.1104,0
0,-0,-0.1836,0,0.1164,0
0,-0,-0.1935,0,0.1227,0
0,-0,-0.2038,0,0.1293,0
0,-0,-0.2145,0,0.1361,0
0,-0,-0.2257,0,0.1431,0
0,-0,-0.2372,0,0.1504,0
0,-0,-0.2492,0,0.158,0
0,-0,-0.2616,0,0.1659,0
0,-0,-0.2745,0,0.1741,0
0,-0,-0.2879,0,0.1826,0
0,-0,-0.3017,0,0.1913,0
0,-0,-0.316,0,0.2004,0
0,-0,-0.3308,0,0.2098,0
0,-0,-0.3461,0,0.2195,0
0,-0,-0.3619,0,0.2295,0
0,-0,-0.3782,0,0.2399,0
0,-0,-0.3951,0,0.2506,0
0,-0,-0.4125,0,0.2616,0
0,-0.0001,-0.4305,0,0.273,0
0,-0.0001,-0.4491,0,0.2848,0
0,-0.0001,-0.4682,0,0.2969,0
0,-0.0001,-0.4879,0,0.3094,0
0,-0.0001,-0.5083,0,0.3223,0
0,-0.0001,-0.5292,0,0.3356,0
0,-0.0001,-0.5508,0,0.3493,0
0,-0.0001,-0.573,0,0.3634,0
0,-0.0001,-0.5959,0,0.3779,0
0,-0.0001,-0.6195,0,0.3929,0
0,-0.0001,-0.6437,0,0.4082,0
0,-0.0001,-0.6686,0,0.424,0
0,-0.0001,-0.6942,0,0.4403,0
0,-0.0001,-0.7205,0,0.457,0
0,-0.0002,-0.7476,0,0.4741,0
0,-0.0002,-0.7754,0,0.4917,0
0,-0.0002,-0.8039,0,0.5099,0
0,-0.0002,-0.8332,0,0.5284,0
0,-0.0002,-0.8633,0,0.5475,0
0,-0.0002,-0.8942,0,0.5671,0
0,-0.0002,-0.9258,0,0.5872,0
0,-0.0002,-0.9583,0,0.6078,0
0,-0.0003,-0.9917,0,0.6289,0
0,-0.0003,-1.0258,0,0.6506,0
0,-0.0003,-1.0608,0,0.6728,0
0,-0.0003,-1.0967,0,0.6956,0
0,-0.0003,-1.1335,0,0.7189,0
0,-0.0004,-1.1711,0,0.7428,0
0,-0.0004,-1.2097,0,0.7672,0
0,-0.0004,-1.2492,0,0.7923,0
0,-0.0005,-1.2896,0,0.8179,0
0,-0.0005,-1.3309,0,0.8442,0
0,-0.0005,-1.3733,0,0.871,0
0,-0.0005,-1.4166,0,0.8985,0
0,-0.0006,-1.4609,0,0.9266,0
0,-0.0006,-1.5062,0,0.9553,0
0,-0.0007,-1.5525,0,0.9847,0
0,-0.0007,-1.5998,0,1.0148,0
0,-0.0007,-1.6482,0,1.0455,0
0,-0.0008,-1.6977,0,1.0768,0
0,-0.0008,-1.7482,0,1.1089,0
0,-0.0009,-1.7998,0,1.1416,0
0,-0.0009,-1.8525,0,1.1751,0
0,-0.001,-1.9063,0,1.2092,0
0,-0.001,-1.9613,0,1.2441,0
0,-0.0011,-2.0174,0,1.2797,0
0,-0.0012,-2.0747,0,1.3161,0
0,-0.0012,-2.1331,0,1.3531,0
0,-0.0013,-2.1927,0,1.391,0
0,-0.0014,-2.2536,0,1.4296,0
0,-0.0015,-2.3156,0,1.469,0
0,-0.0015,-2.3789,0,1.5091,0
0,-0.0016,-2.4434,0,1.5501,0
0,-0.0017,-2.5092,0,1.5918,0
0,-0.0018,-2.5763,0,1.6344,0
0,-0.0019,-2.6447,0,1.6778,0
0,-0.002,-2.7143,0,1.722,0
0,-0.0021,-2.7853,0,1.7671,0
0,-0.0022,-2.8577,0,1.813,0
0,-0.0023,-2.9313,0,1.8598,0
0,-0.0025,-3.0064,0,1.9074,0
0,-0.0026,-3.0828,0,1.9559,0
0,-0.0027,-3.1607,0,2.0053,0
0,-0.0028,-3.2399,0,2.0557,0
0,-0.003,-3.3206,0,2.1069,0
0,-0.0031,-3.4027,0,2.159,0
0,-0.0033,-3.4863,0,2.2121,0
0,-0.0035,-3.5714,0,2.2661,0
0,-0.0036,-3.6579,0,2.321,0
0,-0.0038,-3.746,0,2.377,0
0,-0.004,-3.8356,0,2.4338,0
0,-0.0042,-3.9267,0,2.4917,0
0,-0.0044,-4.0194,0,2.5505,0
0,-0.0046,-4.1136,0,2.6104,0
0,-0.0048,-4.2094,0,2.6712,0
0,-0.005,-4.3069,0,2.7331,0
0,-0.0053,-4.4059,0,2.796,0
0,-0.0055,-4.5066,0,2.8599,0
0,-0.0058,-4.6089,0,2.9249,0
0,-0.006,-4.7129,0,2.991,0
0,-0.0063,-4.8185,0,3.0581,0
0,-0.0066,-4.9259,0,3.1263,0
0,-0.0069,-5.035,0,3.1956,0
0,-0.0072,-5.1458,0,3.2659,0
0,-0.0075,-5.2583,0,3.3374,0
0,-0.0078,-5.3726,0,3.41,0
0,-0.0082,-5.4887,0,3.4838,0
0,-0.0085,-5.6066,0,3.5587,0
0,-0.0089,-5.7262,0,3.6347,0
0,-0.0093,-5.8477,0,3.7119,0
0,-0.0097,-5.9711,0,3.7903,0
0,-0.0101,-6.0962,0,3.8698,0
0,-0.0105,-6.2233,0,3.9506,0
0,-0.011,-6.3523,0,4.0325,0
0,-0.0114,-6.4831,0,4.1157,0
0,-0.0119,-6.6159,0,4.2001,0
0,-0.0124,-6.7506,0,4.2857,0
0,-0.0129,-6.8872,0,4.3725,0
0,-0.0134,-7.0259,0,4.4606,0
0,-0.0139,-7.1665,0,4.55,0
0,-0.0145,-7.3091,0,4.6407,0
0,-0.0151,-7.4537,0,4.7326,0
0,-0.0157,-7.6004,0,4.8259,0
0,-0.0163,-7.7491,0,4.9204,0
0,-0.017,-7.8998,0,5.0163,0
0,-0.0176,-8.0527,0,5.1135,0
0,-0.0183,-8.2077,0,5.212,0
0,-0.019,-8.3647,0,5.3119,0
0,-0.0197,-8.5239,0,5.4131,0
0,-0.0205,-8.6853,0,5.5158,0
0,-0.0213,-8.8488,0,5.6197,0
0,-0.0221,-9.0144,0,5.7251,0
0,-0.0229,-9.1823,0,5.8319,0
0,-0.0238,-9.3524,0,5.9401,0
0,-0.0247,-9.5247,0,6.0497,0
0,-0.0256,-9.6993,0,6.1608,0
0,-0.0265,-9.8761,0,6.2733,0
0,-0.0275,-10.0552,0,6.3873,0
0,-0.0285,-10.2366,0,6.5027,0
0,-0.0295,-10.4203,0,6.6196,0
0,-0.0306,-10.6063,0,6.738,0
0,-0.0317,-10.7946,0,6.8578,0
0,-0.0328,-10.9853,0,6.9792,0
0,-0.034,-11.1784,0,7.1021,0
0,-0.0352,-11.3739,0,7.2266,0
0,-0.0364,-11.5718,0,7.3526,0
0,-0.0377,-11.7721,0,7.4801,0
0,-0.039,-11.9748,0,7.6092,0
0,-0.0404,-12.18,0,7.7398,0
0,-0.0418,-12.3877,0,7.8721,0
0,-0.0432,-12.5978,0,8.0059,0
0,-0.0447,-12.8105,0,8.1413,0
0,-0.0462,-13.0256,0,8.2784,0
0,-0.0477,-13.2433,0,8.4171,0
0,-0.0493,-13.4636,0,8.5574,0
0,-0.051,-13.6864,0,8.6993,0
0,-0.0527,-13.9118,0,8.8429,0
0,-0.0544,-14.1397,0,8.9882,0
0,-0.0562,-14.3703,0,9.1351,0
0,-0.0581,-14.6036,0,9.2838,0
0,-0.06,-14.8394,0,9.4341,0
0,-0.0619,-15.078,0,9.5862,0
0,-0.0639,-15.3192,0,9.7399,0
0,-0.066,-15.5631,0,9.8954,0
0,-0.0681,-15.8097,0,10.0526,0
0,-0.0703,-16.059,0,10.2116,0
0,-0.0725,-16.3111,0,10.3723,0
0,-0.0748,-16.5659,0,10.5348,0
0,-0.0771,-16.8235,0,10.6991,0
0,-0.0795,-17.0839,0,10.8652,0
0,-0.082,-17.347,0,11.0331,0
0,-0.0846,-17.613,0,11.2028,0
0,-0.0872,-17.8818,0,11.3743,0
0,-0.0898,-18.1535,0,11.5476,0
0,-0.0926,-18.428,0,11.7228,0
0,-0.0954,-18.7054,0,11.8999,0
0,-0.0983,-18.9857,0,12.0788,0
0,-0.1013,-19.2689,0,12.2596,0
0,-0.1043,-19.5551,0,12.4422,0
0,-0.1074,-19.8441,0,12.6268,0
0,-0.1106,-20.1362,0,12.8132,0
0,-0.1139,-20.4311,0,13.0016,0
0,-0.1173,-20.7291,0,13.1919,0
0,-0.1207,-21.0301,0,13.3841,0
0,-0.1242,-21.3341,0,13.5783,0
0,-0.1278,-21.6411,0,13.7745,0
0,-0.1315,-21.9511,0,13.9726,0
0,-0.1353,-22.2642,0,14.1726,0
0,-0.1392,-22.5804,0,14.3747,0
0,-0.1432,-22.8997,0,14.5787,0
0,-0.1473,-23.2221,0,14.7848,0
0,-0.1515,-23.5475,0,14.9929,0
0,-0.1557,-23.8762,0,15.203,0
0,-0.1601,-24.2079,0,15.4151,0
0,-0.1646,-24.5428,0,15.6293,0
0,-0.1692,-24.8809,0,15.8455,0
0,-0.1739,-25.2222,0,16.0638,0
0,-0.1787,-25.5667,0,16.2842,0
0,-0.1836,-25.9144,0,16.5066,0
0,-0.1886,-26.2653,0,16.7312,0
0,-0.1938,-26.6195,0,16.9578,0
0,-0.199,-26.9769,0,17.1866,0
0,-0.2044,-27.3376,0,17.4175,0
0,-0.2099,-27.7016,0,17.6505,0
0,-0.2155,-28.0688,0,17.8857,0
0,-0.2213,-28.4394,0,18.123,0
0,-0.2272,-28.8134,0,18.3625,0
0,-0.2332,-29.1906,0,18.6041,0
0,-0.2394,-29.5712,0,18.848,0
0,-0.2456,-29.9552,0,19.094,0
0,-0.2521,-30.3426,0,19.3422,0
0,-0.2586,-30.7333,0,19.5926,0
0,-0.2653,-31.1275,0,19.8453,0
0,-0.2722,-31.5251,0,20.1001,0
0,-0.2792,-31.9261,0,20.3572,0
0,-0.2864,-32.3305,0,20.6166,0
0,-0.2937,-32.7385,0,20.8782,0
0,-0.3012,-33.1499,0,21.1421,0
0,-0.3088,-33.5647,0,21.4082,0
0,-0.3166,-33.9831,0,21.6766,0
0,-0.3245,-34.405,0,21.9474,0
0,-0.3327,-34.8304,0,22.2204,0
0,-0.341,-35.2593,0,22.4957,0
0,-0.3494,-35.6918,0,22.7734,0
0,-0.3581,-36.1278,0,23.0533,0
0,-0.3669,-36.5674,0,23.3357,0
0,-0.3759,-37.0106,0,23.6203,0
0,-0.3851,-37.4574,0,23.9073,0
0,-0.3945,-37.9078,0,24.1967,0
0,-0.404,-38.3618,0,24.4884,0
0,-0.4138,-38.8195,0,24.7826,0
0,-0.4238,-39.2808,0,25.0791,0
0,-0.4339,-39.7457,0,25.378,0
0,-0.4443,-40.2143,0,25.6793,0
0,-0.4549,-40.6866,0,25.983,0
0,-0.4656,-41.1626,0,26.2892,0
0,-0.4766,-41.6422,0,26.5978,0
0,-0.4879,-42.1256,0,26.9088,0
0,-0.4993,-42.6127,0,27.2223,0
0,-0.5109,-43.1035,0,27.5382,0
0,-0.5228,-43.5981,0,27.8566,0
0,-0.5349,-44.0964,0,28.1775,0
0,-0.5473,-44.5985,0,28.5008,0
0,-0.5599,-45.1044,0,28.8267,0
0,-0.5727,-45.614,0,29.155,0
0,-0.5858,-46.1275,0,29.4858,0
0,-0.5991,-46.6447,0,29.8192,0
0,-0.6127,-47.1658,0,30.1551,0
0,-0.6265,-47.6907,0,30.4935,0
0,-0.6406,-48.2194,0,30.8344,0
0,-0.6549,-48.752,0,31.1779,0
0,-0.6695,-49.2884,0,31.5239,0
0,-0.6844,-49.8287,0,31.8725,0
0,-0.6996,-50.3729,0,32.2237,0
0,-0.715,-50.9209,0,32.5774,0
0,-0.7308,-51.4729,0,32.9337,0
0,-0.7468,-52.0287,0,33.2926,0
0,-0.7631,-52.5885,0,33.6541,0
0,-0.7797,-53.1521,0,34.0182,0
0,-0.7966,-53.7197,0,34.385,0
0,-0.8138,-54.2913,0,34.7543,0
0,-0.8313,-54.8668,0,35.1263,0
0,-0.8491,-55.4462,0,35.5009,0
0,-0.8673,-56.0296,0,35.8781,0
0,-0.8857,-56.617,0,36.258,0
0,-0.9045,-57.2083,0,36.6405,0
0,-0.9236,-57.8037,0,37.0257,0
0,-0.9431,-58.403,0,37.4136,0
0,-0.9629,-59.0063,0,37.8041,0
0,-0.983,-59.6137,0,38.1973,0
0,-1.0035,-60.225,0,38.5932,0
0,-1.0243,-60.8404,0,38.9919,0
0,-1.0455,-61.4599,0,39.3932,0
0,-1.0671,-62.0833,0,39.7972,0
0,-1.089,-62.7108,0,40.2039,0
0,-1.1113,-63.3424,0,40.6133,0
0,-1.134,-63.978,0,41.0255,0
0,-1.157,-64.6177,0,41.4404,0
0,-1.1805,-65.2614,0,41.858,0
0,-1.2043,-65.9093,0,42.2784,0
0,-1.2285,-66.5612,0,42.7016,0
0,-1.2531,-67.2172,0,43.1275,0
0,-1.2782,-67.8773,0,43.5561,0
0,-1.3036,-68.5416,0,43.9875,0
0,-1.3295,-69.2099,0,44.4217,0
0,-1.3558,-69.8823,0,44.8587,0
0,-1.3825,-70.5589,0,45.2985,0
0,-1.4096,-71.2396,0,45.741,0
0,-1.4372,-71.9244,0,46.1863,0
0,-1.4652,-72.6134,0,46.6345,0
0,-1.4937,-73.3065,0,47.0854,0
0,-1.5226,-74.0038,0,47.5392,0
0,-1.552,-74.7052,0,47.9958,0
0,-1.5818,-75.4107,0,48.4552,0
0,-1.6122,-76.1204,0,48.9174,0
0,-1.643,-76.8343,0,49.3825,0
0,-1.6742,-77.5524,0,49.8504,0
0,-1.706,-78.2746,0,50.3211,0
0,-1.7383,-79.001,0,50.7947,0
0,-1.771,-79.7316,0,51.2712,0
0,-1.8043,-80.4663,0,51.7505,0
0,-1.8381,-81.2053,0,52.2326,0
0,-1.8724,-81.9484,0,52.7176,0
0,-1.9072,-82.6958,0,53.2055,0
0,-1.9425,-83.4473,0,53.6963,0
0,-1.9784,-84.203,0,54.1899,0
0,-2.0148,-84.963,0,54.6865,0
0,-2.0518,-85.7271,0,55.1859,0
0,-2.0893,-86.4954,0,55.6882,0
0,-2.1274,-87.268,0,56.1934,0
0,-2.166,-88.0448,0,56.7014,0
0,-2.2052,-88.8257,0,57.2124,0
0,-2.245,-89.6109,0,57.7263,0
0,-2.2854,-90.4003,0,58.2431,0
0,-2.3264,-91.194,0,58.7629,0
0,-2.3679,-91.9918,0,59.2855,0
0,-2.4101,-92.7939,0,59.811,0
0,-2.4529,-93.6002,0,60.3395,0
0,-2.4963,-94.4107,0,60.8709,0
0,-2.5403,-95.2254,0,61.4053,0
0,-2.5849,-96.0444,0,61.9425,0
0,-2.6302,-96.8676,0,62.4827,0
0,-2.6761,-97.695,0,63.0258,0
0,-2.7227,-98.5267,0,63.5719,0
0,-2.7699,-99.3625,0,64.1209,0
0,-2.8178,-100.2026,0,64.6729,0
0,-2.8664,-101.0469,0,65.2278,0
0,-2.9156,-101.8955,0,65.7856,0
0,-2.9655,-102.7482,0,66.3465,0
0,-3.0161,-103.6052,0,66.9102,0
0,-3.0674,-104.4664,0,67.4769,0
0,-3.1194,-105.3318,0,68.0466,0
0,-3.1721,-106.2015,0,68.6193,0
0,-3.2256,-107.0753,0,69.1949,0
0,-3.2797,-107.9534,0,69.7734,0
0,-3.3346,-108.8357,0,70.355,0
0,-3.3903,-109.7222,0,70.9395,0
0,-3.4466,-110.6129,0,71.527,0
0,-3.5038,-111.5079,0,72.1174,0
0,-3.5617,-112.407,0,72.7108,0
0,-3.6203,-113.3103,0,73.3072,0
0,-3.6797,-114.2178,0,73.9066,0
0,-3.74,-115.1296,0,74.5089,0
0,-3.801,-116.0455,0,75.1142,0
0,-3.8628,-116.9656,0,75.7225,0
0,-3.9254,-117.8899,0,76.3338,0
0,-3.9888,-118.8184,0,76.9481,0
0,-4.053,-119.7511,0,77.5653,0
0,-4.1181,-120.6879,0,78.1855,0
0,-4.184,-121.6289,0,78.8087,0
0,-4.2507,-122.5741,0,79.4349,0
0,-4.3183,-123.5234,0,80.064,0
0,-4.3868,-124.4769,0,80.6962,0
0,-4.4561,-125.4346,0,81.3313,0
0,-4.5263,-126.3964,0,81.9694,0
0,-4.5973,-127.3623,0,82.6105,0
0,-4.6693,-128.3324,0,83.2545,0
0,-4.7422,-129.3066,0,83.9016,0
0,-4.8159,-130.285,0,84.5516,0
0,-4.8906,-131.2675,0,85.2046,0
0,-4.9661,-132.254,0,85.8606,0
0,-5.0427,-133.2447,0,86.5196,0
0,-5.1201,-134.2395,0,87.1815,0
0,-5.1985,-135.2384,0,87.8464,0
0,-5.2778,-136.2414,0,88.5143,0
0,-5.3581,-137.2485,0,89.1852,0
0,-5.4394,-138.2596,0,89.859,0
0,-5.5216,-139.2748,0,90.5358,0
0,-5.6048,-140.2941,0,91.2156,0
0,-5.689,-141.3174,0,91.8983,0
0,-5.7742,-142.3448,0,92.584,0
0,-5.8604,-143.3762,0,93.2727,0
0,-5.9476,-144.4117,0,93.9644,0
0,-6.0358,-145.4511,0,94.659,0
0,-6.1251,-146.4946,0,95.3565,0
0,-6.2154,-147.5421,0,96.0571,0
0,-6.3068,-148.5936,0,96.7605,0
0,-6.3992,-149.6491,0,97.467,0
0,-6.4926,-150.7086,0,98.1764,0
0,-6.5872,-151.772,0,98.8887,0
0,-6.6828,-152.8394,0,99.604,0
0,-6.7795,-153.9107,0,100.3222,0
0,-6.8773,-154.986,0,101.0434,0
0,-6.9762,-156.0653,0,101.7675,0
0,-7.0762,-157.1484,0,102.4945,0
0,-7.1773,-158.2355,0,103.2245,0
0,-7.2796,-159.3265,0,103.9574,0
0,-7.383,-160.4214,0,104.6932,0
0,-7.4875,-161.5202,0,105.432,0
0,-7.5932,-162.6228,0,106.1736,0
0,-7.7,-163.7293,0,106.9182,0
0,-7.808,-164.8397,0,107.6658,0
0,-7.9172,-165.9539,0,108.4162,0
0,-8.0276,-167.072,0,109.1695,0
0,-8.1392,-168.1938,0,109.9257,0
0,-8.2519,-169.3195,0,110.6849,0
0,-8.3659,-170.449,0,111.4469,0
0,-8.4811,-171.5823,0,112.2118,0
0,-8.5976,-172.7193,0,112.9796,0
0,-8.7152,-173.8601,0,113.7503,0
0,-8.8341,-175.0047,0,114.5239,0
0,-8.9543,-176.153,0,115.3003,0
0,-9.0757,-177.3051,0,116.0797,0
0,-9.1984,-178.4609,0,116.8619,0
0,-9.3223,-179.6203,0,117.6469,0
0,-9.4476,-180.7835,0,118.4348,0
0,-9.5741,-181.9504,0,119.2256,0
0,-9.7019,-183.1209,0,120.0192,0
0,-9.8311,-184.2951,0,120.8157,0
0,-9.9616,-185.4729,0,121.615,0
0,-10.0934,-186.6544,0,122.4172,0
0,-10.2265,-187.8395,0,123.2221,0
0,-10.361,-189.0282,0,124.03,0
0,-10.4968,-190.2205,0,124.8406,0
0,-10.634,-191.4163,0,125.654,0
0,-10.7725,-192.6158,0,126.4703,0
0,-10.9125,-193.8188,0,127.2894,0
0,-11.0538,-195.0253,0,128.1112,0
0,-11.1965,-196.2353,0,128.9359,0
0,-11.3406,-197.4489,0,129.7633,0
0,-11.4861,-198.666,0,130.5936,0
0,-11.633,-199.8865,0,131.4266,0
0,-11.7814,-201.1106,0,132.2624,0
0,-11.9312,-202.338,0,133.101,0
0,-12.0825,-203.569,0,133.9423,0
0,-12.2352,-204.8033,0,134.7864,0
0,-12.3893,-206.0411,0,135.6332,0
0,-12.5449,-207.2823,0,136.4828,0
0,-12.702,-208.5268,0,137.3351,0
0,-12.8606,-209.7747,0,138.1902,0
0,-13.0207,-211.026,0,139.0479,0
0,-13.1823,-212.2806,0,139.9084,0
0,-13.3454,-213.5386,0,140.7717,0
0,-13.51,-214.7998,0,141.6376,0
0,-13.6761,-216.0644,0,142.5062,0
0,-13.8438,-217.3322,0,143.3776,0
0,-14.013,-218.6033,0,144.2516,0
0,-14.1838,-219.8777,0,145.1283,0
0,-14.3561,-221.1553,0,146.0077,0
0,-14.53,-222.4361,0,146.8897,0
0,-14.7054,-223.7201,0,147.7744,0
0,-14.8825,-225.0073,0,148.6618,0
0,-15.0611,-226.2976,0,149.5518,0
0,-15.2413,-227.5912,0,150.4445,0
0,-15.4232,-228.8878,0,151.3398,0
0,-15.6066,-230.1876,0,152.2378,0
0,-15.7917,-231.4905,0,153.1383,0
0,-15.9784,-232.7965,0,154.0415,0
0,-16.1668,-234.1056,0,154.9473,0
0,-16.3568,-235.4177,0,155.8557,0
0,-16.5485,-236.7329,0,156.7666,0
0,-16.7418,-238.051,0,157.6802,0
0,-16.9368,-239.3723,0,158.5964,0
0,-17.1334,-240.6964,0,159.5151,0
0,-17.3318,-242.0236,0,160.4364,0
0,-17.5319,-243.3538,0,161.3602,0
0,-17.7336,-244.6868,0,162.2866,0
0,-17.9371,-246.0228,0,163.2156,0
0,-18.1423,-247.3618,0,164.1471,0
0,-18.3492,-248.7036,0,165.0811,0
0,-18.5578,-250.0483,0,166.0176,0
0,-18.7682,-251.3958,0,166.9566,0
0,-18.9804,-252.7462,0,167.8982,0
0,-19.1942,-254.0994,0,168.8422,0
0,-19.4099,-255.4554,0,169.7888,0
0,-19.6273,-256.8142,0,170.7378,0
0,-19.8465,-258.1758,0,171.6893,0
0,-20.0675,-259.5402,0,172.6432,0
0,-20.2903,-260.9072,0,173.5996,0
0,-20.5149,-262.277,0,174.5585,0
0,-20.7413,-263.6495,0,175.5198,0
0,-20.9696,-265.0247,0,176.4835,0
0,-21.1996,-266.4026,0,177.4497,0
0,-21.4315,-267.7831,0,178.4183,0
0,-21.6652,-269.1662,0,179.3893,0
0,-21.9008,-270.552,0,180.3627,0
0,-22.1382,-271.9404,0,181.3384,0
0,-22.3775,-273.3313,0,182.3166,0
0,-22.6187,-274.7248,0,183.2971,0
0,-22.8617,-276.1208,0,184.2801,0
0,-23.1066,-277.5194,0,185.2653,0
0,-23.3534,-278.9205,0,186.2529,0
0,-23.6021,-280.324,0,187.2429,0
0,-23.8527,-281.7301,0,188.2352,0
0,-24.1052,-283.1386,0,189.2298,0
0,-24.3597,-284.5495,0,190.2267,0
0,-24.616,-285.9628,0,191.226,0
0,-24.8743,-287.3786,0,192.2275,0
0,-25.1346,-288.7967,0,193.2313,0
0,-25.3968,-290.2172,0,194.2374,0
0,-25.6609,-291.64,0,195.2458,0
0,-25.927,-293.0652,0,196.2565,0
0,-26.195,-294.4927,0,197.2694,0
0,-26.4651,-295.9224,0,198.2845,0
0,-26.7371,-297.3545,0,199.3019,0
0,-27.0111,-298.7887,0,200.3215,0
0,-27.2871,-300.2253,0,201.3433,0
0,-27.5651,-301.664,0,202.3673,0
0,-27.8451,-303.1049,0,203.3936,0
0,-28.1271,-304.548,0,204.422,0
0,-28.4111,-305.9933,0,205.4526,0
0,-28.6972,-307.4407,0,206.4854,0
0,-28.9853,-308.8903,0,207.5203,0
0,-29.2754,-310.3419,0,208.5574,0
0,-29.5676,-311.7956,0,209.5966,0
0,-29.8618,-313.2514,0,210.638,0
0,-30.1581,-314.7093,0,211.6815,0
0,-30.4565,-316.1691,0,212.7271,0
0,-30.7569,-317.631,0,213.7748,0
0,-31.0594,-319.0949,0,214.8246,0
0,-31.3639,-320.5608,0,215.8765,0
0,-31.6706,-322.0286,0,216.9305,0
0,-31.9793,-323.4983,0,217.9866,0
0,-32.2902,-324.97,0,219.0447,0
0,-32.6032,-326.4436,0,220.1049,0
0,-32.9182,-327.919,0,221.1671,0
0,-33.2354,-329.3963,0,222.2313,0
0,-33.5547,-330.8755,0,223.2976,0
0,-33.8762,-332.3565,0,224.3659,0
0,-34.1997,-333.8393,0,225.4361,0
0,-34.5254,-335.3238,0,226.5084,0
0,-34.8533,-336.8102,0,227.5827,0
0,-35.1833,-338.2983,0,228.6589,0
0,-35.5154,-339.7881,0,229.7371,0
0,-35.8498,-341.2796,0,230.8172,0
0,-36.1863,-342.7729,0,231.8993,0
0,-36.5249,-344.2678,0,232.9833,0
0,-36.8657,-345.7643,0,234.0693,0
0,-37.2088,-347.2625,0,235.1572,0
0,-37.554,-348.7624,0,236.2469,0
0,-37.9014,-350.2638,0,237.3386,0
0,-38.251,-351.7668,0,238.4321,0
0,-38.6028,-353.2714,0,239.5276,0
0,-38.9568,-354.7775,0,240.6249,0
0,-39.313,-356.2851,0,241.724,0
0,-39.6714,-357.7943,0,242.825,0
0,-40.0321,-359.3049,0,243.9278,0
0,-40.3949,-360.817,0,245.0325,0
0,-40.7601,-362.3305,0,246.139,0
0,-41.1274,-363.8455,0,247.2473,0
0,-41.497,-365.3619,0,248.3574,0
0,-41.8688,-366.8797,0,249.4692,0
0,-42.2429,-368.3989,0,250.5829,0
0,-42.6192,-369.9194,0,251.6983,0
0,-42.9978,-371.4413,0,252.8154,0
0,-43.3787,-372.9645,0,253.9344,0
0,-43.7618,-374.489,0,255.055,0
0,-44.1472,-376.0148,0,256.1774,0
0,-44.5349,-377.5418,0,257.3015,0
0,-44.9248,-379.0701,0,258.4273,0
0,-45.317,-380.5996,0,259.5548,0
0,-45.7116,-382.1304,0,260.684,0
0,-46.1084,-383.6623,0,261.8149,0
0,-46.5075,-385.1954,0,262.9474,0
0,-46.9089,-386.7297,0,264.0816,0
0,-47.3126,-388.2651,0,265.2174,0
0,-47.7186,-389.8016,0,266.3549,0
0,-48.1269,-391.3392,0,267.494,0
0,-48.5376,-392.8779,0,268.6347,0
0,-48.9505,-394.4177,0,269.777,0
0,-49.3658,-395.9585,0,270.9209,0
0,-49.7834,-397.5003,0,272.0664,0
0,-50.2033,-399.0432,0,273.2135,0
0,-50.6256,-400.587,0,274.3622,0
0,-51.0502,-402.1318,0,275.5124,0
0,-51.4771,-403.6776,0,276.6641,0
0,-51.9064,-405.2243,0,277.8174,0
0,-52.338,-406.7719,0,278.9722,0
0,-52.7719,-408.3205,0,280.1285,0
0,-53.2083,-409.8699,0,281.2864,0
0,-53.6469,-411.4202,0,282.4457,0
0,-54.0879,-412.9713,0,283.6065,0
0,-54.5313,-414.5233,0,284.7688,0
0,-54.9771,-416.0761,0,285.9325,0
0,-55.4252,-417.6297,0,287.0977,0
0,-55.8757,-419.184,0,288.2644,0
0,-56.3285,-420.7392,0,289.4325,0
0,-56.7837,-422.295,0,290.602,0
0,-57.2413,-423.8516,0,291.7729,0
0,-57.7013,-425.4089,0,292.9453,0
0,-58.1636,-426.9669,0,294.119,0
0,-58.6284,-428.5256,0,295.2941,0
0,-59.0955,-430.0849,0,296.4706,0
0,-59.565,-431.6449,0,297.6484,0
0,-60.0369,-433.2055,0,298.8277,0
0,-60.5112,-434.7667,0,300.0082,0
0,-60.9879,-436.3285,0,301.1901,0
0,-61.4669,-437.8908,0,302.3733,0
0,-61.9484,-439.4537,0,303.5578,0
0,-62.4323,-441.0172,0,304.7437,0
0,-62.9186,-442.5811,0,305.9308,0
0,-63.4072,-444.1456,0,307.1192,0
0,-63.8983,-445.7106,0,308.3089,0
0,-64.3918,-447.276,0,309.4999,0
0,-64.8877,-448.8419,0,310.6921,0
0,-65.386,-450.4082,0,311.8855,0
0,-65.8868,-451.975,0,313.0802,0
0,-66.3899,-453.5421,0,314.2761,0
0,-66.8954,-455.1096,0,315.4733,0
0,-67.4034,-456.6775,0,316.6716,0
0,-67.9138,-458.2458,0,317.8712,0
0,-68.4266,-459.8144,0,319.0719,0
0,-68.9418,-461.3833,0,320.2738,0
0,-69.4595,-462.9525,0,321.4769,0
0,-69.9796,-464.5221,0,322.6811,0
0,-70.502,-466.0919,0,323.8865,0
0,-71.027,-467.6619,0,325.093,0
0,-71.5543,-469.2322,0,326.3006,0
0,-72.0841,-470.8027,0,327.5094,0
0,-72.6163,-472.3734,0,328.7192,0
0,-73.1509,-473.9444,0,329.9302,0
0,-73.688,-475.5155,0,331.1423,0
0,-74.2275,-477.0867,0,332.3554,0
0,-74.7694,-478.6582,0,333.5696,0
0,-75.3137,-480.2297,0,334.7849,0
0,-75.8605,-481.8014,0,336.0012,0
0,-76.4098,-483.3731,0,337.2186,0
0,-76.9614,-484.945,0,338.437,0
0,-77.5155,-486.5169,0,339.6564,0
0,-78.072,-488.0889,0,340.8768,0
0,-78.631,-489.6609,0,342.0983,0
0,-79.1924,-491.233,0,343.3207,0
0,-79.7562,-492.805,0,344.5441,0
0,-80.3225,-494.3771,0,345.7685,0
0,-80.8912,-495.9491,0,346.9939,0
0,-81.4623,-497.5211,0,348.2202,0
0,-82.0359,-499.0931,0,349.4475,0
0,-82.6119,-500.665,0,350.6757,0
0,-83.1903,-502.2368,0,351.9049,0
0,-83.7712,-503.8085,0,353.1349,0
0,-84.3545,-505.3802,0,354.3659,0
0,-84.9403,-506.9517,0,355.5978,0
0,-85.5285,-508.523,0,356.8305,0
0,-86.1191,-510.0943,0,358.0642,0
0,-86.7122,-511.6653,0,359.2987,0
0,-87.3077,-513.2362,0,360.5341,0
0,-87.9056,-514.8069,0,361.7704,0
0,-88.506,-516.3774,0,363.0075,0
0,-89.1088,-517.9477,0,364.2454,0
0,-89.714,-519.5177,0,365.4842,0
0,-90.3217,-521.0875,0,366.7238,0
0,-90.9318,-522.657,0,367.9642,0
0,-91.5443,-524.2263,0,369.2054,0
0,-92.1593,-525.7953,0,370.4475,0
0,-92.7767,-527.364,0,371.6903,0
0,-93.3965,-528.9323,0,372.9338,0
0,-94.0188,-530.5004,0,374.1782,0
0,-94.6435,-532.0681,0,375.4233,0
0,-95.2706,-533.6355,0,376.6692,0
0,-95.9001,-535.2025,0,377.9158,0
0,-96.5321,-536.7691,0,379.1631,0
0,-97.1665,-538.3353,0,380.4112,0
0,-97.8033,-539.9011,0,381.66,0
0,-98.4426,-541.4665,0,382.9095,0
0,-99.0842,-543.0315,0,384.1597,0
0,-99.7283,-544.5961,0,385.4107,0
0,-100.3748,-546.1602,0,386.6623,0
0,-101.0238,-547.7238,0,387.9145,0
0,-101.6751,-549.287,0,389.1675,0
0,-102.3289,-550.8497,0,390.4211,0
0,-102.9851,-552.4118,0,391.6753,0
0,-103.6437,-553.9735,0,392.9302,0
0,-104.3047,-555.5347,0,394.1858,0
0,-104.9681,-557.0953,0,395.442,0
0,-105.6339,-558.6553,0,396.6988,0
0,-106.3022,-560.2148,0,397.9562,0
0,-106.9728,-561.7738,0,399.2142,0
0,-107.6459,-563.3321,0,400.4728,0
0,-108.3214,-564.8899,0,401.732,0
0,-108.9992,-566.4471,0,402.9918,0
0,-109.6795,-568.0036,0,404.2522,0
0,-110.3622,-569.5595,0,405.5131,0
0,-111.0473,-571.1148,0,406.7746,0
0,-111.7347,-572.6695,0,408.0367,0
0,-112.4246,-574.2235,0,409.2993,0
0,-113.1169,-575.7768,0,410.5625,0
0,-113.8115,-577.3295,0,411.8261,0
0,-114.5086,-578.8814,0,413.0903,0
0,-115.208,-580.4327,0,414.3551,0
0,-115.9098,-581.9832,0,415.6203,0
0,-116.6141,-583.5331,0,416.886,0
0,-117.3207,-585.0822,0,418.1523,0
0,-118.0296,-586.6306,0,419.419,0
0,-118.741,-588.1782,0,420.6862,0
0,-119.4548,-589.725,0,421.9539,0
0,-120.1709,-591.2712,0,423.222,0
0,-120.8894,-592.8165,0,424.4906,0
0,-121.6103,-594.361,0,425.7597,0
0,-122.3335,-595.9048,0,427.0292,0
0,-123.0591,-597.4477,0,428.2992,0
0,-123.7871,-598.9898,0,429.5696,0
0,-124.5175,-600.5311,0,430.8404,0
0,-125.2502,-602.0716,0,432.1117,0
0,-125.9853,-603.6112,0,433.3833,0
0,-126.7227,-605.15,0,434.6554,0
0,-127.4626,-606.688,0,435.9279,0
0,-128.2047,-608.225,0,437.2008,0
0,-128.9493,-609.7612,0,438.4741,0
0,-129.6961,-611.2965,0,439.7477,0
0,-130.4454,-612.8309,0,441.0218,0
0,-131.197,-614.3645,0,442.2962,0
0,-131.9509,-615.8971,0,443.571,0
0,-132.7072,-617.4288,0,444.8461,0
0,-133.4658,-618.9595,0,446.1216,0
0,-134.2268,-620.4894,0,447.3975,0
0,-134.9901,-622.0183,0,448.6737,0
0,-135.7558,-623.5463,0,449.9503,0
0,-136.5237,-625.0733,0,451.2272,0
0,-137.2941,-626.5993,0,452.5044,0
0,-138.0667,-628.1244,0,453.7819,0
0,-138.8417,-629.6485,0,455.0598,0
0,-139.6191,-631.1717,0,456.3379,0
0,-140.3987,-632.6938,0,457.6164,0
0,-141.1807,-634.2149,0,458.8952,0
0,-141.965,-635.7351,0,460.1743,0
0,-142.7516,-637.2542,0,461.4537,0
0,-143.5406,-638.7724,0,462.7334,0
0,-144.3319,-640.2895,0,464.0133,0
0,-145.1254,-641.8056,0,465.2936,0
0,-145.9214,-643.3206,0,466.5741,0
0,-146.7196,-644.8346,0,467.8549,0
0,-147.5201,-646.3476,0,469.1359,0
0,-148.323,-647.8595,0,470.4172,0
0,-149.1281,-649.3704,0,471.6988,0
0,-149.9356,-650.8802,0,472.9806,0
0,-150.7453,-652.3889,0,474.2627,0
0,-151.5574,-653.8965,0,475.5451,0
0,-152.3718,-655.4031,0,476.8276,0
0,-153.1885,-656.9086,0,478.1104,0
0,-154.0074,-658.413,0,479.3935,0
0,-154.8287,-659.9164,0,480.6767,0
0,-155.6523,-661.4186,0,481.9602,0
0,-156.4781,-662.9197,0,483.244,0
0,-157.3063,-664.4197,0,484.5279,0
0,-158.1368,-665.9186,0,485.8121,0
0,-158.9695,-667.4164,0,487.0964,0
0,-159.8045,-668.9131,0,488.381,0
0,-160.6418,-670.4086,0,489.6658,0
0,-161.4815,-671.9031,0,490.9508,0
0,-162.3233,-673.3963,0,492.236,0
0,-163.1675,-674.8885,0,493.5214,0
0,-164.014,-676.3795,0,494.807,0
0,-164.8627,-677.8694,0,496.0927,0
0,-165.7137,-679.3581,0,497.3787,0
0,-166.567,-680.8457,0,498.6649,0
0,-167.4226,-682.3321,0,499.9512,0
0,-168.2805,-683.8174,0,501.2377,0
0,-169.1406,-685.3015,0,502.5244,0
0,-170.003,-686.7844,0,503.8113,0
0,-170.8677,-688.2662,0,505.0983,0
0,-171.7347,-689.7468,0,506.3856,0
0,-172.6039,-691.2262,0,507.673,0
0,-173.4754,-692.7045,0,508.9605,0
0,-174.3492,-694.1816,0,510.2483,0
0,-175.2252,-695.6575,0,511.5362,0
0,-176.1035,-697.1323,0,512.8242,0
0,-176.9841,-698.6058,0,514.1125,0
0,-177.867,-700.0782,0,515.4008,0
0,-178.7521,-701.5494,0,516.6894,0
0,-179.6395,-703.0194,0,517.9781,0
0,-180.5292,-704.4882,0,519.267,0
0,-181.4211,-705.9558,0,520.556,0
0,-182.3153,-707.4222,0,521.8452,0
0,-183.2117,-708.8875,0,523.1345,0
0,-184.1105,-710.3515,0,524.424,0
0,-185.0115,-711.8144,0,525.7136,0
0,-185.9147,-713.276,0,527.0034,0
0,-186.8203,-714.7365,0,528.2934,0
0,-187.7281,-716.1958,0,529.5835,0
0,-188.6381,-717.6538,0,530.8737,0
0,-189.5505,-719.1107,0,532.1641,0
0,-190.4651,-720.5664,0,533.4547,0
0,-191.3819,-722.0208,0,534.7453,0
0,-192.301,-723.4739,0,536.0361,0
0,-193.2223,-724.9258,0,537.327,0
0,-194.1459,-726.3766,0,538.618,0
0,-195.0718,-727.8261,0,539.9092,0
0,-195.9999,-729.2745,0,541.2005,0
0,-196.9303,-730.7216,0,542.492,0
0,-197.863,-732.1676,0,543.7837,0
0,-198.798,-733.6123,0,545.0755,0
0,-199.7352,-735.0558,0,546.3674,0
0,-200.6747,-736.4982,0,547.6595,0
0,-201.6164,-737.9393,0,548.9518,0
0,-202.5605,-739.3792,0,550.2442,0
0,-203.5068,-740.8179,0,551.5367,0
0,-204.4553,-742.2554,0,552.8294,0
0,-205.4062,-743.6917,0,554.1222,0
0,-206.3593,-745.1268,0,555.4152,0
0,-207.3146,-746.5607,0,556.7083,0
0,-208.2723,-747.9933,0,558.0015,0
0,-209.2322,-749.4247,0,559.2949,0
0,-210.1943,-750.8549,0,560.5884,0
0,-211.1588,-752.2839,0,561.8821,0
0,-212.1255,-753.7117,0,563.1758,0
0,-213.0944,-755.1382,0,564.4698,0
0,-214.0656,-756.5635,0,565.7638,0
0,-215.0391,-757.9876,0,567.058,0
0,-216.0148,-759.4104,0,568.3522,0
0,-216.9928,-760.832,0,569.6466,0
0,-217.973,-762.2523,0,570.9412,0
0,-218.9555,-763.6714,0,572.2358,0
0,-219.9402,-765.0893,0,573.5306,0
0,-220.9272,-766.5059,0,574.8254,0
0,-221.9164,-767.9212,0,576.1204,0
0,-222.9079,-769.3353,0,577.4154,0
0,-223.9016,-770.7481,0,578.7106,0
0,-224.8976,-772.1597,0,580.0059,0
0,-225.8957,-773.57,0,581.3012,0
0,-226.8962,-774.979,0,582.5967,0
0,-227.8988,-776.3868,0,583.8922,0
0,-228.9037,-777.7932,0,585.1879,0
0,-229.9108,-779.1984,0,586.4836,0
0,-230.9201,-780.6023,0,587.7793,0
0,-231.9317,-782.0049,0,589.0752,0
0,-232.9454,-783.4062,0,590.3711,0
0,-233.9614,-784.8062,0,591.6671,0
0,-234.9796,-786.2049,0,592.9632,0
0,-236,-787.6023,0,594.2593,0
0,-237.0226,-788.9984,0,595.5554,0
0,-238.0474,-790.3932,0,596.8516,0
0,-239.0744,-791.7866,0,598.1479,0
0,-240.1036,-793.1787,0,599.4442,0
0,-241.1349,-794.5695,0,600.7405,0
0,-242.1685,-795.9589,0,602.0368,0
0,-243.2042,-797.347,0,603.3332,0
0,-244.2422,-798.7338,0,604.6296,0
0,-245.2823,-800.1192,0,605.926,0
0,-246.3245,-801.5032,0,607.2225,0
0,-247.3689,-802.8859,0,608.5189,0
0,-248.4155,-804.2672,0,609.8153,0
0,-249.4643,-805.6472,0,611.1118,0
0,-250.5152,-807.0257,0,612.4082,0
0,-251.5682,-808.4029,0,613.7046,0
0,-252.6234,-809.7787,0,615.001,0
0,-253.6807,-811.1531,0,616.2973,0
0,-254.7402,-812.5261,0,617.5937,0
0,-255.8017,-813.8977,0,618.8899,0
0,-256.8654,-815.2679,0,620.1862,0
0,-257.9312,-816.6367,0,621.4824,0
0,-258.9992,-818.004,0,622.7785,0
0,-260.0692,-819.3699,0,624.0746,0
0,-261.1413,-820.7344,0,625.3706,0
0,-262.2155,-822.0974,0,626.6666,0
0,-263.2918,-823.459,0,627.9625,0
0,-264.3702,-824.8192,0,629.2582,0
0,-265.4506,-826.1779,0,630.5539,0
0,-266.5332,-827.5351,0,631.8495,0
0,-267.6178,-828.8908,0,633.145,0
0,-268.7044,-830.2451,0,634.4404,0
0,-269.7931,-831.5979,0,635.7356,0
0,-270.8838,-832.9492,0,637.0308,0
0,-271.9766,-834.299,0,638.3258,0
0,-273.0714,-835.6473,0,639.6207,0
0,-274.1682,-836.9941,0,640.9154,0
0,-275.2671,-838.3393,0,642.21,0
0,-276.3679,-839.6831,0,643.5044,0
0,-277.4708,-841.0253,0,644.7986,0
0,-278.5756,-842.366,0,646.0927,0
0,-279.6824,-843.7051,0,647.3866,0
0,-280.7912,-845.0427,0,648.6803,0
0,-281.902,-846.3788,0,649.9738,0
0,-283.0148,-847.7133,0,651.2671,0
0,-284.1294,-849.0462,0,652.5602,0
0,-285.2461,-850.3775,0,653.8531,0
0,-286.3647,-851.7072,0,655.1458,0
0,-287.4852,-853.0354,0,656.4382,0
0,-288.6076,-854.362,0,657.7304,0
0,-289.732,-855.6869,0,659.0223,0
0,-290.8582,-857.0103,0,660.314,0
0,-291.9864,-858.332,0,661.6054,0
0,-293.1164,-859.6521,0,662.8966,0
0,-294.2484,-860.9706,0,664.1875,0
0,-295.3822,-862.2874,0,665.478,0
0,-296.5178,-863.6026,0,666.7683,0
0,-297.6553,-864.9161,0,668.0583,0
0,-298.7947,-866.228,0,669.348,0
0,-299.9359,-867.5382,0,670.6373,0
0,-301.0789,-868.8467,0,671.9263,0
0,-302.2237,-870.1535,0,673.215,0
0,-303.3704,-871.4587,0,674.5034,0
0,-304.5188,-872.7621,0,675.7913,0
0,-305.669,-874.0639,0,677.079,0
0,-306.821,-875.3639,0,678.3662,0
0,-307.9748,-876.6622,0,679.6531,0
0,-309.1303,-877.9588,0,680.9395,0
0,-310.2876,-879.2537,0,682.2256,0
0,-311.4466,-880.5468,0,683.5113,0
0,-312.6073,-881.8381,0,684.7965,0
0,-313.7697,-883.1277,0,686.0814,0
0,-314.9339,-884.4156,0,687.3658,0
0,-316.0997,-885.7016,0,688.6497,0
0,-317.2672,-886.9859,0,689.9332,0
0,-318.4364,-888.2684,0,691.2162,0
0,-319.6073,-889.5491,0,692.4988,0
0,-320.7798,-890.828,0,693.7809,0
0,-321.9539,-892.1051,0,695.0625,0
0,-323.1297,-893.3804,0,696.3436,0
0,-324.3071,-894.6539,0,697.6241,0
0,-325.486,-895.9255,0,698.9042,0
0,-326.6666,-897.1952,0,700.1837,0
0,-327.8488,-898.4632,0,701.4627,0
0,-329.0325,-899.7292,0,702.7412,0
0,-330.2178,-900.9934,0,704.0191,0
0,-331.4046,-902.2558,0,705.2964,0
0,-332.5929,-903.5162,0,706.5732,0
0,-333.7828,-904.7748,0,707.8493,0
0,-334.9742,-906.0315,0,709.1249,0
0,-336.1671,-907.2863,0,710.3999,0
0,-337.3614,-908.5391,0,711.6742,0
0,-338.5572,-909.7901,0,712.948,0
0,-339.7545,-911.0391,0,714.221,0
0,-340.9532,-912.2862,0,715.4935,0
0,-342.1534,-913.5313,0,716.7653,0
0,-343.3549,-914.7745,0,718.0364,0
0,-344.5579,-916.0158,0,719.3068,0
0,-345.7623,-917.255,0,720.5766,0
0,-346.968,-918.4923,0,721.8456,0
0,-348.1751,-919.7277,0,723.114,0
0,-349.3835,-920.961,0,724.3816,0
0,-350.5933,-922.1924,0,725.6485,0
0,-351.8044,-923.4217,0,726.9147,0
0,-353.0168,-924.649,0,728.1801,0
0,-354.2305,-925.8743,0,729.4448,0
0,-355.4455,-927.0976,0,730.7087,0
0,-356.6618,-928.3189,0,731.9718,0
0,-357.8793,-929.5381,0,733.2341,0
0,-359.098,-930.7553,0,734.4956,0
0,-360.3179,-931.9704,0,735.7563,0
0,-361.5391,-933.1835,0,737.0162,0
0,-362.7615,-934.3944,0,738.2752,0
0,-363.985,-935.6033,0,739.5334,0
0,-365.2097,-936.8101,0,740.7908,0
0,-366.4355,-938.0149,0,742.0472,0
0,-367.6625,-939.2175,0,743.3028,0
0,-368.8906,-940.418,0,744.5575,0
0,-370.1198,-941.6164,0,745.8114,0
0,-371.3501,-942.8127,0,747.0642,0
0,-372.5814,-944.0068,0,748.3162,0
0,-373.8138,-945.1988,0,749.5673,0
0,-375.0473,-946.3887,0,750.8174,0
0,-376.2818,-947.5764,0,752.0665,0
0,-377.5172,-948.7619,0,753.3147,0
0,-378.7537,-949.9453,0,754.5619,0
0,-379.9912,-951.1264,0,755.8081,0
0,-381.2296,-952.3055,0,757.0533,0
0,-382.4689,-953.4823,0,758.2976,0
0,-383.7092,-954.6569,0,759.5407,0
0,-384.9504,-955.8293,0,760.7829,0
0,-386.1925,-956.9995,0,762.024,0
0,-387.4355,-958.1675,0,763.2641,0
0,-388.6793,-959.3332,0,764.503,0
0,-389.924,-960.4967,0,765.741,0
0,-391.1695,-961.658,0,766.9778,0
0,-392.4158,-962.817,0,768.2135,0
0,-393.6629,-963.9738,0,769.4481,0
0,-394.9108,-965.1283,0,770.6816,0
0,-396.1594,-966.2805,0,771.9139,0
0,-397.4088,-967.4305,0,773.1451,0
0,-398.6589,-968.5781,0,774.3752,0
0,-399.9097,-969.7235,0,775.6041,0
0,-401.1612,-970.8666,0,776.8317,0
0,-402.4134,-972.0073,0,778.0582,0
0,-403.6662,-973.1458,0,779.2835,0
0,-404.9197,-974.2819,0,780.5076,0
0,-406.1738,-975.4157,0,781.7305,0
0,-407.4285,-976.5472,0,782.9521,0
0,-408.6838,-977.6763,0,784.1725,0
0,-409.9396,-978.8031,0,785.3916,0
0,-411.196,-979.9275,0,786.6094,0
0,-412.453,-981.0496,0,787.8259,0
0,-413.7104,-982.1692,0,789.0412,0
0,-414.9683,-983.2866,0,790.2551,0
0,-416.2267,-984.4015,0,791.4677,0
0,-417.4856,-985.514,0,792.679,0
0,-418.7449,-986.6242,0,793.889,0
0,-420.0046,-987.7319,0,795.0976,0
0,-421.2647,-988.8372,0,796.3048,0
0,-422.5252,-989.9402,0,797.5106,0
0,-423.7861,-991.0406,0,798.7151,0
0,-425.0473,-992.1387,0,799.9181,0
0,-426.3088,-993.2343,0,801.1198,0
0,-427.5706,-994.3275,0,802.32,0
0,-428.8328,-995.4183,0,803.5187,0
0,-430.0952,-996.5065,0,804.7161,0
0,-431.3578,-997.5924,0,805.9119,0
0,-432.6207,-998.6757,0,807.1063,0
0,-433.8837,-999.7566,0,808.2992,0
0,-435.147,-1000.835,0,809.4906,0
0,-436.4104,-1001.9109,0,810.6805,0
0,-437.674,-1002.9843,0,811.8689,0
0,-438.9378,-1004.0553,0,813.0558,0
0,-440.2016,-1005.1237,0,814.2411,0
0,-441.4655,-1006.1896,0,815.4248,0
0,-442.7295,-1007.253,0,816.607,0
0,-443.9936,-1008.3138,0,817.7876,0
0,-445.2577,-1009.3722,0,818.9666,0
0,-446.5218,-1010.428,0,820.144,0
0,-447.7858,-1011.4813,0,821.3198,0
0,-449.0499,-1012.532,0,822.494,0
0,-450.3139,-1013.5801,0,823.6666,0
0,-451.5779,-1014.6257,0,824.8374,0
0,-452.8417,-1015.6688,0,826.0067,0
0,-454.1055,-1016.7093,0,827.1742,0
0,-455.3691,-1017.7472,0,828.3401,0
0,-456.6326,-1018.7825,0,829.5043,0
0,-457.8959,-1019.8152,0,830.6667,0
0,-459.159,-1020.8454,0,831.8275,0
0,-460.4219,-1021.8729,0,832.9865,0
0,-461.6846,-1022.8978,0,834.1438,0
0,-462.947,-1023.9202,0,835.2993,0
0,-464.2092,-1024.9399,0,836.453,0
0,-465.4711,-1025.957,0,837.605,0
0,-466.7326,-1026.9715,0,838.7552,0
0,-467.9938,-1027.9833,0,839.9036,0
0,-469.2547,-1028.9925,0,841.0502,0
0,-470.5152,-1029.9991,0,842.1949,0
0,-471.7753,-1031.003,0,843.3378,0
0,-473.035,-1032.0043,0,844.4789,0
0,-474.2942,-1033.0029,0,845.6181,0
0,-475.553,-1033.9989,0,846.7554,0
0,-476.8113,-1034.9922,0,847.8909,0
0,-478.0691,-1035.9828,0,849.0244,0
0,-479.3264,-1036.9708,0,850.1561,0
0,-480.5831,-1037.9561,0,851.2858,0
0,-481.8393,-1038.9387,0,852.4136,0
0,-483.0948,-1039.9186,0,853.5395,0
0,-484.3498,-1040.8958,0,854.6634,0
0,-485.6042,-1041.8703,0,855.7853,0
0,-486.8579,-1042.8421,0,856.9053,0
0,-488.1109,-1043.8112,0,858.0233,0
0,-489.3633,-1044.7776,0,859.1393,0
0,-490.6149,-1045.7413,0,860.2533,0
0,-491.8658,-1046.7023,0,861.3653,0
0,-493.116,-1047.6605,0,862.4752,0
0,-494.3653,-1048.616,0,863.5831,0
0,-495.6139,-1049.5688,0,864.689,0
0,-496.8617,-1050.5188,0,865.7927,0
0,-498.1086,-1051.4661,0,866.8944,0
0,-499.3546,-1052.4107,0,867.9941,0
0,-500.5998,-1053.3525,0,869.0916,0
0,-501.844,-1054.2916,0,870.187,0
0,-503.0874,-1055.2279,0,871.2803,0
0,-504.3298,-1056.1614,0,872.3714,0
0,-505.5712,-1057.0922,0,873.4605,0
0,-506.8116,-1058.0202,0,874.5473,0
0,-508.0511,-1058.9454,0,875.632,0
0,-509.2894,-1059.8679,0,876.7146,0
0,-510.5268,-1060.7875,0,877.7949,0
0,-511.763,-1061.7044,0,878.873,0
0,-512.9982,-1062.6185,0,879.949,0
0,-514.2322,-1063.5299,0,881.0227,0
0,-515.4651,-1064.4384,0,882.0942,0
0,-516.6969,-1065.3441,0,883.1634,0
0,-517.9274,-1066.247,0,884.2304,0
0,-519.1568,-1067.1472,0,885.2952,0
0,-520.3849,-1068.0445,0,886.3576,0
0,-521.6118,-1068.939,0,887.4178,0
0,-522.8374,-1069.8307,0,888.4757,0
0,-524.0617,-1070.7196,0,889.5313,0
0,-525.2847,-1071.6056,0,890.5845,0
0,-526.5064,-1072.4889,0,891.6355,0
0,-527.7267,-1073.3693,0,892.6841,0
0,-528.9457,-1074.2469,0,893.7304,0
0,-530.1632,-1075.1217,0,894.7743,0
0,-531.3794,-1075.9936,0,895.8158,0
0,-532.5941,-1076.8627,0,896.855,0
0,-533.8073,-1077.7289,0,897.8917,0
0,-535.019,-1078.5924,0,898.9261,0
0,-536.2293,-1079.4529,0,899.9581,0
0,-537.438,-1080.3106,0,900.9877,0
0,-538.6452,-1081.1655,0,902.0148,0
0,-539.8508,-1082.0176,0,903.0395,0
0,-541.0548,-1082.8667,0,904.0617,0
0,-542.2572,-1083.713,0,905.0815,0
0,-543.458,-1084.5565,0,906.0988,0
0,-544.6571,-1085.3971,0,907.1137,0
0,-545.8545,-1086.2349,0,908.126,0
0,-547.0503,-1087.0697,0,909.1359,0
0,-548.2443,-1087.9017,0,910.1432,0
0,-549.4366,-1088.7309,0,911.1481,0
0,-550.6272,-1089.5572,0,912.1504,0
0,-551.816,-1090.3806,0,913.1502,0
0,-553.0029,-1091.2011,0,914.1474,0
0,-554.1881,-1092.0188,0,915.1421,0
0,-555.3714,-1092.8335,0,916.1342,0
0,-556.5529,-1093.6454,0,917.1237,0
0,-557.7324,-1094.4545,0,918.1107,0
0,-558.9101,-1095.2606,0,919.0951,0
0,-560.0858,-1096.0639,0,920.0769,0
0,-561.2596,-1096.8642,0,921.056,0
0,-562.4315,-1097.6617,0,922.0326,0
0,-563.6013,-1098.4563,0,923.0065,0
0,-564.7692,-1099.248,0,923.9778,0
0,-565.935,-1100.0369,0,924.9464,0
0,-567.0988,-1100.8228,0,925.9124,0
0,-568.2605,-1101.6059,0,926.8757,0
0,-569.4202,-1102.386,0,927.8363,0
0,-570.5777,-1103.1633,0,928.7943,0
0,-571.7331,-1103.9376,0,929.7496,0
0,-572.8864,-1104.7091,0,930.7021,0
0,-574.0374,-1105.4777,0,931.652,0
0,-575.1864,-1106.2434,0,932.5992,0
0,-576.3331,-1107.0062,0,933.5436,0
0,-577.4775,-1107.766,0,934.4853,0
0,-578.6198,-1108.523,0,935.4243,0
0,-579.7597,-1109.2771,0,936.3605,0
0,-580.8974,-1110.0283,0,937.294,0
0,-582.0328,-1110.7766,0,938.2247,0
0,-583.1659,-1111.522,0,939.1526,0
0,-584.2966,-1112.2645,0,940.0777,0
0,-585.4249,-1113.0041,0,941.0001,0
0,-586.5509,-1113.7408,0,941.9196,0
0,-587.6745,-1114.4745,0,942.8364,0
0,-588.7957,-1115.2054,0,943.7503,0
0,-589.9144,-1115.9334,0,944.6615,0
0,-591.0307,-1116.6585,0,945.5698,0
0,-592.1445,-1117.3807,0,946.4752,0
0,-593.2558,-1118.1,0,947.3779,0
0,-594.3645,-1118.8164,0,948.2776,0
0,-595.4708,-1119.5299,0,949.1746,0
0,-596.5745,-1120.2404,0,950.0686,0
0,-597.6757,-1120.9481,0,950.9598,0
0,-598.7742,-1121.6529,0,951.8481,0
0,-599.8702,-1122.3548,0,952.7336,0
0,-600.9635,-1123.0538,0,953.6161,0
0,-602.0542,-1123.7499,0,954.4958,0
0,-603.1422,-1124.4431,0,955.3725,0
0,-604.2276,-1125.1334,0,956.2463,0
0,-605.3103,-1125.8208,0,957.1172,0
0,-606.3902,-1126.5053,0,957.9852,0
0,-607.4675,-1127.1869,0,958.8503,0
0,-608.542,-1127.8657,0,959.7124,0
0,-609.6137,-1128.5415,0,960.5716,0
0,-610.6826,-1129.2144,0,961.4278,0
0,-611.7488,-1129.8845,0,962.2811,0
0,-612.8121,-1130.5517,0,963.1314,0
0,-613.8726,-1131.216,0,963.9787,0
0,-614.9303,-1131.8773,0,964.8231,0
0,-615.9851,-1132.5359,0,965.6645,0
0,-617.037,-1133.1915,0,966.5029,0
0,-618.086,-1133.8442,0,967.3383,0
0,-619.1321,-1134.4941,0,968.1707,0
0,-620.1753,-1135.1411,0,969.0001,0
0,-621.2155,-1135.7852,0,969.8265,0
0,-622.2528,-1136.4265,0,970.6499,0
0,-623.2871,-1137.0648,0,971.4703,0
0,-624.3184,-1137.7003,0,972.2876,0
0,-625.3467,-1138.333,0,973.102,0
0,-626.372,-1138.9627,0,973.9132,0
0,-627.3942,-1139.5896,0,974.7215,0
0,-628.4134,-1140.2136,0,975.5267,0
0,-629.4295,-1140.8348,0,976.3289,0
0,-630.4426,-1141.4531,0,977.128,0
0,-631.4525,-1142.0686,0,977.924,0
0,-632.4593,-1142.6812,0,978.717,0
0,-633.463,-1143.2909,0,979.507,0
0,-634.4635,-1143.8978,0,980.2938,0
0,-635.4609,-1144.5019,0,981.0776,0
0,-636.4552,-1145.1031,0,981.8583,0
0,-637.4462,-1145.7014,0,982.636,0
0,-638.4341,-1146.297,0,983.4105,0
0,-639.4187,-1146.8896,0,984.1819,0
0,-640.4001,-1147.4795,0,984.9503,0
0,-641.3783,-1148.0665,0,985.7156,0
0,-642.3532,-1148.6507,0,986.4777,0
0,-643.3248,-1149.2321,0,987.2368,0
0,-644.2932,-1149.8106,0,987.9927,0
0,-645.2583,-1150.3863,0,988.7456,0
0,-646.2201,-1150.9592,0,989.4953,0
0,-647.1785,-1151.5293,0,990.2419,0
0,-648.1337,-1152.0966,0,990.9854,0
0,-649.0855,-1152.6611,0,991.7258,0
0,-650.0339,-1153.2227,0,992.463,0
0,-650.979,-1153.7816,0,993.1971,0
0,-651.9207,-1154.3377,0,993.9281,0
0,-652.859,-1154.8909,0,994.656,0
0,-653.7939,-1155.4414,0,995.3807,0
0,-654.7254,-1155.9891,0,996.1023,0
0,-655.6535,-1156.534,0,996.8207,0
0,-656.5781,-1157.0762,0,997.536,0
0,-657.4993,-1157.6155,0,998.2482,0
0,-658.4171,-1158.1521,0,998.9572,0
0,-659.3314,-1158.686,0,999.663,0
0,-660.2422,-1159.217,0,1000.3657,0
0,-661.1495,-1159.7453,0,1001.0653,0
0,-662.0534,-1160.2709,0,1001.7617,0
0,-662.9537,-1160.7936,0,1002.455,0
0,-663.8505,-1161.3137,0,1003.1451,0
0,-664.7438,-1161.831,0,1003.832,0
0,-665.6336,-1162.3456,0,1004.5158,0
0,-666.5198,-1162.8574,0,1005.1965,0
0,-667.4025,-1163.3665,0,1005.8739,0
0,-668.2816,-1163.8729,0,1006.5483,0
0,-669.1571,-1164.3765,0,1007.2194,0
0,-670.0291,-1164.8774,0,1007.8874,0
0,-670.8975,-1165.3757,0,1008.5523,0
0,-671.7622,-1165.8712,0,1009.214,0
0,-672.6234,-1166.364,0,1009.8725,0
0,-673.481,-1166.8541,0,1010.5278,0
0,-674.335,-1167.3415,0,1011.1801,0
0,-675.1853,-1167.8263,0,1011.8291,0
0,-676.032,-1168.3083,0,1012.475,0
0,-676.8751,-1168.7877,0,1013.1177,0
0,-677.7145,-1169.2644,0,1013.7573,0
0,-678.5503,-1169.7384,0,1014.3937,0
0,-679.3824,-1170.2098,0,1015.0269,0
0,-680.2109,-1170.6785,0,1015.657,0
0,-681.0357,-1171.1446,0,1016.284,0
0,-681.8568,-1171.608,0,1016.9077,0
0,-682.6742,-1172.0688,0,1017.5284,0
0,-683.488,-1172.5269,0,1018.1459,0
0,-684.2981,-1172.9825,0,1018.7602,0
0,-685.1044,-1173.4353,0,1019.3714,0
0,-685.9071,-1173.8856,0,1019.9794,0
0,-686.706,-1174.3333,0,1020.5843,0
0,-687.5013,-1174.7783,0,1021.186,0
0,-688.2928,-1175.2208,0,1021.7846,0
0,-689.0806,-1175.6607,0,1022.3801,0
0,-689.8647,-1176.0979,0,1022.9724,0
0,-690.6451,-1176.5326,0,1023.5616,0
0,-691.4217,-1176.9647,0,1024.1477,0
0,-692.1946,-1177.3943,0,1024.7306,0
0,-692.9638,-1177.8212,0,1025.3104,0
0,-693.7292,-1178.2456,0,1025.887,0
0,-694.4909,-1178.6675,0,1026.4606,0
0,-695.2488,-1179.0868,0,1027.031,0
0,-696.003,-1179.5036,0,1027.5983,0
0,-696.7534,-1179.9178,0,1028.1625,0
0,-697.5001,-1180.3295,0,1028.7236,0
0,-698.243,-1180.7387,0,1029.2816,0
0,-698.9821,-1181.1454,0,1029.8364,0
0,-699.7175,-1181.5496,0,1030.3882,0
0,-700.4491,-1181.9512,0,1030.9369,0
0,-701.177,-1182.3504,0,1031.4824,0
0,-701.9011,-1182.7471,0,1032.0249,0
0,-702.6214,-1183.1412,0,1032.5643,0
0,-703.338,-1183.533,0,1033.1006,0
0,-704.0508,-1183.9222,0,1033.6338,0
0,-704.7598,-1184.309,0,1034.164,0
0,-705.4651,-1184.6933,0,1034.691,0
0,-706.1665,-1185.0752,0,1035.215,0
0,-706.8642,-1185.4546,0,1035.736,0
0,-707.5582,-1185.8316,0,1036.2539,0
0,-708.2484,-1186.2062,0,1036.7687,0
0,-708.9348,-1186.5784,0,1037.2805,0
0,-709.6174,-1186.9481,0,1037.7892,0
0,-710.2962,-1187.3154,0,1038.2949,0
0,-710.9713,-1187.6803,0,1038.7976,0
0,-711.6426,-1188.0429,0,1039.2972,0
0,-712.3102,-1188.403,0,1039.7938,0
0,-712.974,-1188.7608,0,1040.2873,0
0,-713.634,-1189.1162,0,1040.7779,0
0,-714.2903,-1189.4692,0,1041.2654,0
0,-714.9428,-1189.8199,0,1041.75,0
0,-715.5915,-1190.1682,0,1042.2315,0
0,-716.2365,-1190.5141,0,1042.71,0
0,-716.8777,-1190.8578,0,1043.1856,0
0,-717.5152,-1191.1991,0,1043.6581,0
0,-718.1489,-1191.5381,0,1044.1277,0
0,-718.7789,-1191.8747,0,1044.5943,0
0,-719.4051,-1192.2091,0,1045.058,0
0,-720.0276,-1192.5411,0,1045.5186,0
0,-720.6464,-1192.8709,0,1045.9764,0
0,-721.2614,-1193.1984,0,1046.4311,0
0,-721.8726,-1193.5236,0,1046.883,0
0,-722.4802,-1193.8465,0,1047.3318,0
0,-723.084,-1194.1672,0,1047.7778,0
0,-723.6841,-1194.4856,0,1048.2208,0
0,-724.2805,-1194.8018,0,1048.6609,0
0,-724.8731,-1195.1157,0,1049.0981,0
0,-725.4621,-1195.4274,0,1049.5324,0
0,-726.0474,-1195.7369,0,1049.9638,0
0,-726.6289,-1196.0441,0,1050.3923,0
0,-727.2068,-1196.3492,0,1050.8179,0
0,-727.7809,-1196.652,0,1051.2406,0
0,-728.3514,-1196.9526,0,1051.6605,0
0,-728.9182,-1197.2511,0,1052.0775,0
0,-729.4813,-1197.5474,0,1052.4916,0
0,-730.0407,-1197.8415,0,1052.9029,0
0,-730.5965,-1198.1334,0,1053.3113,0
0,-731.1486,-1198.4232,0,1053.7169,0
0,-731.6971,-1198.7109,0,1054.1197,0
0,-732.2419,-1198.9964,0,1054.5196,0
0,-732.783,-1199.2797,0,1054.9168,0
0,-733.3206,-1199.561,0,1055.3111,0
0,-733.8545,-1199.8401,0,1055.7026,0
0,-734.3847,-1200.1172,0,1056.0913,0
0,-734.9114,-1200.3921,0,1056.4773,0
0,-735.4344,-1200.6649,0,1056.8604,0
0,-735.9539,-1200.9357,0,1057.2408,0
0,-736.4697,-1201.2043,0,1057.6185,0
0,-736.982,-1201.4709,0,1057.9934,0
0,-737.4906,-1201.7355,0,1058.3655,0
0,-737.9957,-1201.998,0,1058.7349,0
0,-738.4972,-1202.2584,0,1059.1015,0
0,-738.9952,-1202.5168,0,1059.4655,0
0,-739.4896,-1202.7732,0,1059.8267,0
0,-739.9804,-1203.0276,0,1060.1852,0
0,-740.4677,-1203.28,0,1060.5411,0
0,-740.9515,-1203.5303,0,1060.8942,0
0,-741.4318,-1203.7787,0,1061.2446,0
0,-741.9085,-1204.025,0,1061.5924,0
0,-742.3818,-1204.2694,0,1061.9375,0
0,-742.8515,-1204.5118,0,1062.28,0
0,-743.3178,-1204.7523,0,1062.6198,0
0,-743.7806,-1204.9908,0,1062.957,0
0,-744.2399,-1205.2274,0,1063.2916,0
0,-744.6957,-1205.462,0,1063.6235,0
0,-745.1481,-1205.6947,0,1063.9528,0
0,-745.597,-1205.9254,0,1064.2795,0
0,-746.0425,-1206.1543,0,1064.6037,0
0,-746.4846,-1206.3813,0,1064.9252,0
0,-746.9233,-1206.6063,0,1065.2442,0
0,-747.3585,-1206.8295,0,1065.5606,0
0,-747.7904,-1207.0508,0,1065.8744,0
0,-748.2189,-1207.2702,0,1066.1857,0
0,-748.6439,-1207.4877,0,1066.4944,0
0,-749.0657,-1207.7034,0,1066.8007,0
0,-749.484,-1207.9173,0,1067.1044,0
0,-749.899,-1208.1293,0,1067.4056,0
0,-750.3107,-1208.3395,0,1067.7043,0
0,-750.7191,-1208.5479,0,1068.0005,0
0,-751.1241,-1208.7544,0,1068.2942,0
0,-751.5258,-1208.9592,0,1068.5854,0
0,-751.9243,-1209.1621,0,1068.8742,0
0,-752.3194,-1209.3633,0,1069.1605,0
0,-752.7113,-1209.5627,0,1069.4444,0
0,-753.0999,-1209.7603,0,1069.7259,0
0,-753.4852,-1209.9561,0,1070.0049,0
0,-753.8674,-1210.1502,0,1070.2815,0
0,-754.2462,-1210.3426,0,1070.5557,0
0,-754.6219,-1210.5332,0,1070.8275,0
0,-754.9944,-1210.7221,0,1071.097,0
0,-755.3636,-1210.9093,0,1071.364,0
0,-755.7297,-1211.0947,0,1071.6287,0
0,-756.0926,-1211.2785,0,1071.8911,0
0,-756.4523,-1211.4606,0,1072.151,0
0,-756.8089,-1211.6409,0,1072.4087,0
0,-757.1624,-1211.8196,0,1072.664,0
0,-757.5127,-1211.9967,0,1072.9171,0
0,-757.8599,-1212.172,0,1073.1678,0
0,-758.2041,-1212.3457,0,1073.4162,0
0,-758.5451,-1212.5178,0,1073.6623,0
0,-758.883,-1212.6882,0,1073.9062,0
0,-759.2179,-1212.8571,0,1074.1478,0
0,-759.5498,-1213.0243,0,1074.3871,0
0,-759.8785,-1213.1898,0,1074.6242,0
0,-760.2043,-1213.3538,0,1074.8591,0
0,-760.5271,-1213.5162,0,1075.0918,0
0,-760.8468,-1213.677,0,1075.3222,0
0,-761.1636,-1213.8362,0,1075.5505,0
0,-761.4774,-1213.9939,0,1075.7765,0
0,-761.7882,-1214.15,0,1076.0004,0
0,-762.096,-1214.3046,0,1076.2221,0
0,-762.401,-1214.4576,0,1076.4416,0
0,-762.703,-1214.6091,0,1076.6591,0
0,-763.0021,-1214.759,0,1076.8743,0
0,-763.2983,-1214.9075,0,1077.0875,0
0,-763.5916,-1215.0544,0,1077.2985,0
0,-763.882,-1215.1998,0,1077.5074,0
0,-764.1696,-1215.3438,0,1077.7142,0
0,-764.4544,-1215.4863,0,1077.919,0
0,-764.7363,-1215.6273,0,1078.1217,0
0,-765.0154,-1215.7668,0,1078.3223,0
0,-765.2917,-1215.9049,0,1078.5209,0
0,-765.5652,-1216.0415,0,1078.7174,0
0,-765.8359,-1216.1767,0,1078.9119,0
0,-766.1039,-1216.3104,0,1079.1044,0
0,-766.3691,-1216.4428,0,1079.2949,0
0,-766.6316,-1216.5737,0,1079.4833,0
0,-766.8913,-1216.7032,0,1079.6698,0
0,-767.1484,-1216.8313,0,1079.8544,0
0,-767.4028,-1216.9581,0,1080.0369,0
0,-767.6545,-1217.0834,0,1080.2176,0
0,-767.9035,-1217.2074,0,1080.3962,0
0,-768.1499,-1217.33,0,1080.573,0
0,-768.3936,-1217.4513,0,1080.7478,0
0,-768.6347,-1217.5712,0,1080.9207,0
0,-768.8732,-1217.6898,0,1081.0918,0
0,-769.1092,-1217.8071,0,1081.2609,0
0,-769.3425,-1217.923,0,1081.4282,0
0,-769.5733,-1218.0376,0,1081.5936,0
0,-769.8015,-1218.151,0,1081.7572,0
0,-770.0272,-1218.263,0,1081.9189,0
0,-770.2504,-1218.3737,0,1082.0788,0
0,-770.4711,-1218.4832,0,1082.2369,0
0,-770.6893,-1218.5914,0,1082.3932,0
0,-770.905,-1218.6983,0,1082.5476,0
0,-771.1182,-1218.804,0,1082.7003,0
0,-771.329,-1218.9085,0,1082.8513,0
0,-771.5374,-1219.0117,0,1083.0004,0
0,-771.7434,-1219.1137,0,1083.1479,0
0,-771.9469,-1219.2144,0,1083.2936,0
0,-772.1481,-1219.314,0,1083.4375,0
0,-772.3469,-1219.4123,0,1083.5798,0
0,-772.5433,-1219.5095,0,1083.7203,0
0,-772.7374,-1219.6055,0,1083.8591,0
0,-772.9292,-1219.7003,0,1083.9963,0
0,-773.1187,-1219.7939,0,1084.1318,0
0,-773.3058,-1219.8864,0,1084.2657,0
0,-773.4907,-1219.9777,0,1084.3979,0
0,-773.6734,-1220.0679,0,1084.5284,0
0,-773.8537,-1220.1569,0,1084.6574,0
0,-774.0319,-1220.2448,0,1084.7847,0
0,-774.2078,-1220.3316,0,1084.9104,0
0,-774.3815,-1220.4173,0,1085.0345,0
0,-774.553,-1220.5019,0,1085.1571,0
0,-774.7223,-1220.5854,0,1085.2781,0
0,-774.8895,-1220.6678,0,1085.3975,0
0,-775.0546,-1220.7492,0,1085.5154,0
0,-775.2175,-1220.8295,0,1085.6318,0
0,-775.3783,-1220.9087,0,1085.7466,0
0,-775.537,-1220.9868,0,1085.8599,0
0,-775.6936,-1221.0639,0,1085.9717,0
0,-775.8481,-1221.14,0,1086.0821,0
0,-776.0006,-1221.2151,0,1086.1909,0
0,-776.1511,-1221.2891,0,1086.2983,0
0,-776.2995,-1221.3621,0,1086.4043,0
0,-776.4459,-1221.4341,0,1086.5088,0
0,-776.5904,-1221.5052,0,1086.6119,0
0,-776.7328,-1221.5752,0,1086.7135,0
0,-776.8733,-1221.6443,0,1086.8138,0
0,-777.0119,-1221.7124,0,1086.9126,0
0,-777.1485,-1221.7795,0,1087.0101,0
0,-777.2832,-1221.8457,0,1087.1062,0
0,-777.416,-1221.9109,0,1087.2009,0
0,-777.5469,-1221.9752,0,1087.2942,0
0,-777.6759,-1222.0386,0,1087.3863,0
0,-777.8031,-1222.101,0,1087.477,0
0,-777.9285,-1222.1625,0,1087.5664,0
0,-778.052,-1222.2232,0,1087.6544,0
0,-778.1738,-1222.2829,0,1087.7412,0
0,-778.2937,-1222.3417,0,1087.8267,0
0,-778.4119,-1222.3997,0,1087.911,0
0,-778.5282,-1222.4568,0,1087.9939,0
0,-778.6429,-1222.513,0,1088.0756,0
0,-778.7558,-1222.5683,0,1088.1561,0
0,-778.867,-1222.6228,0,1088.2353,0
0,-778.9765,-1222.6765,0,1088.3134,0
0,-779.0843,-1222.7293,0,1088.3902,0
0,-779.1905,-1222.7813,0,1088.4658,0
0,-779.295,-1222.8325,0,1088.5403,0
0,-779.3978,-1222.8829,0,1088.6135,0
0,-779.499,-1222.9325,0,1088.6856,0
0,-779.5986,-1222.9812,0,1088.7566,0
0,-779.6966,-1223.0292,0,1088.8264,0
0,-779.7931,-1223.0764,0,1088.8951,0
0,-779.8879,-1223.1229,0,1088.9626,0
0,-779.9813,-1223.1686,0,1089.0291,0
0,-780.0731,-1223.2135,0,1089.0945,0
0,-780.1633,-1223.2576,0,1089.1587,0
0,-780.2521,-1223.3011,0,1089.2219,0
0,-780.3393,-1223.3437,0,1089.2841,0
0,-780.4251,-1223.3857,0,1089.3451,0
0,-780.5095,-1223.4269,0,1089.4052,0
0,-780.5924,-1223.4675,0,1089.4642,0
0,-780.6738,-1223.5073,0,1089.5222,0
0,-780.7539,-1223.5464,0,1089.5791,0
0,-780.8325,-1223.5849,0,1089.6351,0
0,-780.9098,-1223.6226,0,1089.6901,0
0,-780.9857,-1223.6597,0,1089.7441,0
0,-781.0602,-1223.6961,0,1089.7971,0
0,-781.1334,-1223.7319,0,1089.8492,0
0,-781.2052,-1223.767,0,1089.9004,0
0,-781.2758,-1223.8015,0,1089.9506,0
0,-781.345,-1223.8353,0,1089.9998,0
0,-781.413,-1223.8685,0,1090.0482,0
0,-781.4797,-1223.9011,0,1090.0956,0
0,-781.5451,-1223.933,0,1090.1422,0
0,-781.6093,-1223.9644,0,1090.1879,0
0,-781.6723,-1223.9951,0,1090.2327,0
0,-781.734,-1224.0252,0,1090.2766,0
0,-781.7946,-1224.0548,0,1090.3197,0
0,-781.854,-1224.0838,0,1090.3619,0
0,-781.9122,-1224.1122,0,1090.4033,0
0,-781.9692,-1224.14,0,1090.4439,0
0,-782.0251,-1224.1673,0,1090.4836,0
0,-782.0799,-1224.1941,0,1090.5226,0
0,-782.1336,-1224.2202,0,1090.5608,0
0,-782.1862,-1224.2459,0,1090.5982,0
0,-782.2376,-1224.271,0,1090.6348,0
0,-782.288,-1224.2956,0,1090.6706,0
0,-782.3374,-1224.3197,0,1090.7057,0
0,-782.3857,-1224.3432,0,1090.7401,0
0,-782.433,-1224.3663,0,1090.7737,0
0,-782.4792,-1224.3888,0,1090.8066,0
0,-782.5245,-1224.4109,0,1090.8387,0
0,-782.5688,-1224.4325,0,1090.8702,0
0,-782.6121,-1224.4536,0,1090.901,0
0,-782.6544,-1224.4742,0,1090.9311,0
0,-782.6958,-1224.4944,0,1090.9605,0
0,-782.7362,-1224.5141,0,1090.9893,0
0,-782.7757,-1224.5334,0,1091.0173,0
0,-782.8143,-1224.5522,0,1091.0448,0
0,-782.852,-1224.5706,0,1091.0716,0
0,-782.8888,-1224.5885,0,1091.0978,0
0,-782.9248,-1224.606,0,1091.1233,0
0,-782.9599,-1224.6231,0,1091.1483,0
0,-782.9941,-1224.6398,0,1091.1726,0
0,-783.0275,-1224.6561,0,1091.1964,0
0,-783.0601,-1224.672,0,1091.2195,0
0,-783.0919,-1224.6875,0,1091.2421,0
0,-783.1229,-1224.7026,0,1091.2641,0
0,-783.1531,-1224.7173,0,1091.2856,0
0,-783.1826,-1224.7316,0,1091.3065,0
0,-783.2112,-1224.7456,0,1091.3269,0
0,-783.2392,-1224.7592,0,1091.3468,0
0,-783.2664,-1224.7725,0,1091.3661,0
0,-783.2929,-1224.7854,0,1091.3849,0
0,-783.3186,-1224.7979,0,1091.4032,0
0,-783.3437,-1224.8101,0,1091.4211,0
0,-783.3681,-1224.822,0,1091.4384,0
0,-783.3918,-1224.8336,0,1091.4552,0
0,-783.4149,-1224.8448,0,1091.4716,0
0,-783.4373,-1224.8557,0,1091.4875,0
0,-783.459,-1224.8663,0,1091.503,0
0,-783.4802,-1224.8766,0,1091.518,0
0,-783.5007,-1224.8866,0,1091.5326,0
0,-783.5206,-1224.8963,0,1091.5468,0
0,-783.5399,-1224.9057,0,1091.5605,0
0,-783.5587,-1224.9148,0,1091.5738,0
0,-783.5769,-1224.9237,0,1091.5867,0
0,-783.5945,-1224.9323,0,1091.5993,0
0,-783.6115,-1224.9406,0,1091.6114,0
0,-783.6281,-1224.9486,0,1091.6231,0
0,-783.6441,-1224.9564,0,1091.6345,0
0,-783.6596,-1224.9639,0,1091.6455,0
0,-783.6745,-1224.9712,0,1091.6561,0
0,-783.689,-1224.9783,0,1091.6664,0
0,-783.703,-1224.9851,0,1091.6764,0
0,-783.7166,-1224.9917,0,1091.686,0
0,-783.7296,-1224.9981,0,1091.6953,0
0,-783.7422,-1225.0042,0,1091.7042,0
0,-783.7544,-1225.0101,0,1091.7129,0
0,-783.7661,-1225.0158,0,1091.7212,0
0,-783.7774,-1225.0213,0,1091.7293,0
0,-783.7883,-1225.0266,0,1091.737,0
0,-783.7988,-1225.0317,0,1091.7444,0
0,-783.8089,-1225.0367,0,1091.7516,0
0,-783.8186,-1225.0414,0,1091.7585,0
0,-783.828,-1225.0459,0,1091.7651,0
0,-783.8369,-1225.0503,0,1091.7715,0
0,-783.8455,-1225.0545,0,1091.7776,0
0,-783.8538,-1225.0585,0,1091.7835,0
0,-783.8617,-1225.0624,0,1091.7891,0
0,-783.8693,-1225.0661,0,1091.7945,0
0,-783.8766,-1225.0696,0,1091.7997,0
0,-783.8836,-1225.073,0,1091.8046,0
0,-783.8902,-1225.0762,0,1091.8094,0
0,-783.8966,-1225.0793,0,1091.8139,0
0,-783.9026,-1225.0823,0,1091.8182,0
0,-783.9084,-1225.0851,0,1091.8223,0
0,-783.914,-1225.0878,0,1091.8262,0
0,-783.9192,-1225.0903,0,1091.83,0
0,-783.9242,-1225.0928,0,1091.8335,0
0,-783.929,-1225.0951,0,1091.8369,0
0,-783.9335,-1225.0973,0,1091.8401,0
0,-783.9378,-1225.0994,0,1091.8432,0
0,-783.9419,-1225.1014,0,1091.8461,0
0,-783.9457,-1225.1032,0,1091.8488,0
0,-783.9494,-1225.105,0,1091.8514,0
0,-783.9528,-1225.1067,0,1091.8538,0
0,-783.956,-1225.1083,0,1091.8561,0
0,-783.9591,-1225.1097,0,1091.8583,0
0,-783.962,-1225.1111,0,1091.8603,0
0,-783.9647,-1225.1125,0,1091.8623,0
0,-783.9672,-1225.1137,0,1091.8641,0
0,-783.9696,-1225.1148,0,1091.8658,0
0,-783.9718,-1225.1159,0,1091.8673,0
0,-783.9739,-1225.1169,0,1091.8688,0
0,-783.9758,-1225.1179,0,1091.8702,0
0,-783.9776,-1225.1187,0,1091.8714,0
0,-783.9792,-1225.1195,0,1091.8726,0
0,-783.9808,-1225.1203,0,1091.8737,0
0,-783.9822,-1225.121,0,1091.8747,0
0,-783.9835,-1225.1216,0,1091.8756,0
0,-783.9847,-1225.1222,0,1091.8765,0
0,-783.9858,-1225.1227,0,1091.8773,0
0,-783.9868,-1225.1232,0,1091.878,0
0,-783.9877,-1225.1237,0,1091.8786,0
0,-783.9885,-1225.1241,0,1091.8792,0
0,-783.9892,-1225.1244,0,1091.8797,0
0,-783.9899,-1225.1247,0,1091.8802,0
0,-783.9905,-1225.125,0,1091.8806,0
0,-783.991,-1225.1253,0,1091.881,0
0,-783.9914,-1225.1255,0,1091.8813,0
0,-783.9918,-1225.1257,0,1091.8816,0
0,-783.9922,-1225.1258,0,1091.8818,0
0,-783.9924,-1225.126,0,1091.882,0
0,-783.9927,-1225.1261,0,1091.8821,0
0,-783.9928,-1225.1262,0,1091.8823,0
0,-783.993,-1225.1262,0,1091.8824,0
0,-783.9931,-1225.1263,0,1091.8825,0
0,-783.9932,-1225.1263,0,1091.8825,0
0,-783.9932,-1225.1263,0,1091.8825,0
0,-783.9932,-1225.1263,0,1091.8825,0
0,-783.9932,-1225.1263,0,1091.8825,0
0,-783.9931,-1225.1263,0,1091.8825,0
0,-783.9931,-1225.1263,0,1091.8824,0
0,-783.993,-1225.1262,0,1091.8824,0
0,-783.9929,-1225.1262,0,1091.8823,0
0,-783.9928,-1225.1261,0,1091.8822,0
0,-783.9927,-1225.1261,0,1091.8821,0
0,-783.9925,-1225.126,0,1091.882,0
0,-783.9924,-1225.1259,0,1091.8819,0
0,-783.9922,-1225.1259,0,1091.8818,0
0,-783.9921,-1225.1258,0,1091.8817,0
0,-783.9919,-1225.1257,0,1091.8816,0
0,-783.9917,-1225.1256,0,1091.8815,0
0,-783.9916,-1225.1255,0,1091.8814,0
0,-783.9914,-1225.1255,0,1091.8812,0
0,-783.9912,-1225.1254,0,1091.8811,0
0,-783.991,-1225.1253,0,1091.881,0
0,-783.9909,-1225.1252,0,1091.8809,0
